1,kgori0,aomrod0@amazon.co.uk,2020-11-22,f
2,fbensley1,rgloucester1@nyu.edu,2019-11-23,f
3,aaristide2,mmongain2@kickstarter.com,2017-02-26,f
4,soshiels3,nkiltie3@va.gov,2017-03-12,f
5,tappleford4,uantoniewicz4@cnbc.com,2017-10-22,f
6,ogadeaux5,sfound5@cbc.ca,2017-09-04,t
7,dmichel6,hearl6@bizjournals.com,2016-01-01,f
8,kcuerda7,ameek7@sakura.ne.jp,2016-03-16,f
9,hstanding8,isimunek8@g.co,2019-11-26,t
10,amenham9,ljarvie9@guardian.co.uk,2016-09-27,f
11,gmouncha,bleninga@mac.com,2019-08-05,t
12,vscholteb,bgyfordb@jalbum.net,2022-03-02,f
13,mwilberc,fborehamc@zdnet.com,2016-09-19,t
14,thodjettsd,wthoresbyd@sbwire.com,2020-05-04,f
15,tguilayne,jbahiae@epa.gov,2022-04-24,f
16,ebowshiref,nrickerseyf@ucla.edu,2019-05-14,t
17,blawlang,anorthgravesg@woothemes.com,2021-08-13,t
18,rguillardh,vchiversh@51.la,2023-02-03,t
19,ilamanbyi,rpothergilli@nymag.com,2016-06-17,t
20,jinchleyj,tretterj@hatena.ne.jp,2019-04-16,t
